<?xml version="1.0" encoding="UTF-8"?>
<beans xmlns="http://www.springframework.org/schema/beans"
	xmlns:xsi="http://www.w3.org/2001/XMLSchema-instance"
	xmlns:context="http://www.springframework.org/schema/context"
	xsi:schemaLocation="http://www.springframework.org/schema/beans http://www.springframework.org/schema/beans/spring-beans-4.3.xsd
		http://www.springframework.org/schema/context http://www.springframework.org/schema/context/spring-context-4.3.xsd">

	<!-- for lab1 stmt1  -->
	<bean id="e1" class="com.cg.statement1.Employee">
		<property name="empId" value="1000"></property>
		<property name="empName" value="Laxmi"></property>
		<property name="salary" value="35000"></property>
		<property name="businessUnit" value="PES-BU"></property>
		<property name="age" value="24"></property>
	</bean> 
	
	<!-- for lab1 stmt2 -->
	
	<bean id="e2" class="com.cg.statement2.Employee">
		<property name="empId" value="1001"></property>
		<property name="empName" value="Sapana"></property>
		<property name="salary" value="45000"></property>
		<property name="sbu" ref="sb"></property>
	</bean>	
	<bean id="sb" class="com.cg.statement2.SBU">
		<property name="sbuId" value="10"></property>
		<property name="sbuName" value="Laxmi"></property>
		<property name="sbuHead" value="PES-BU"></property>
	</bean>
	
	<!-- for lab1 statement 3 -->
	<bean id="e3" class="com.cg.statement3.Employee">
		<property name="empId" value="1002"></property>
		<property name="empName" value="Pranjal"></property>
		<property name="salary" value="25000"></property>
	</bean>
	
	<bean id="e4" class="com.cg.statement3.Employee">
		<property name="empId" value="1003"></property>
		<property name="empName" value="Krishna"></property>
		<property name="salary" value="30000"></property>
	</bean>
	
	<bean id="sbu1" class="com.cg.statement3.SBU">
		<property name="sbuCode" value="11"></property>
		<property name="sbuName" value="Manju"></property>
		<property name="sbuHead" value="PES-BU"></property>
		<property name="empList">
			<list>
				<ref bean="e3"></ref>
				<ref bean="e4"></ref>
			</list>
		</property>
	</bean>
	
	<!-- for lab1  statement 4-->
	<bean id="e5" class="com.cg.statement4.Employee">
		<property name="empId" value="1000"></property>
		<property name="empName" value="Laxmi"></property>
		<property name="salary" value="35000"></property>
	</bean> 
	<bean id="e6" class="com.cg.statement4.Employee">
		<property name="empId" value="1001"></property>
		<property name="empName" value="Sapana"></property>
		<property name="salary" value="45000"></property>
	</bean>
	<bean id="e7" class="com.cg.statement4.EmployeeCollection">
		<property name="empMap">
			<map>
				<entry key="1000" value-ref="e5"></entry>
				<entry key="1001" value-ref="e6"></entry>
			</map>
		</property>
	</bean>
	
</beans>
